date_found,company,title,location,url
2026-10-04,stripe,"Data Analyst, Intern","New York, Seattle, South San Francisco HQ",https://stripe.com/jobs/search?gh_jid=8194291
2026-10-04,stripe,"Data Analyst, Intern",Toronto,https://stripe.com/jobs/search?gh_jid=8194287
2026-10-04,stripe,"Financial Data Analyst Intern, Technical Operations",Singapore,https://stripe.com/jobs/search?gh_jid=8186442
2026-10-04,stripe,"High School Internship, Software Engineering (Summer 2027)","Seattle, San Francisco",https://stripe.com/jobs/search?gh_jid=8241260
2026-10-04,stripe,"Integration Reliability Engineer Intern, Technical Operations",Singapore,https://stripe.com/jobs/search?gh_jid=8186367
2026-10-04,stripe,Internal Audit Data Analytics Lead,"Toronto, New York, San Francisco, Atlanta, Seattle ",https://stripe.com/jobs/search?gh_jid=8026689
2026-10-04,stripe,"Internal Product Engineer, Developer Productivity AI ","Toronto, Canada ",https://stripe.com/jobs/search?gh_jid=7896151
2026-10-04,stripe,"PhD Data Scientist, Intern","New York, Seattle, South San Francisco HQ",https://stripe.com/jobs/search?gh_jid=8194283
2026-10-04,stripe,"PhD Data Scientist, Intern",Toronto,https://stripe.com/jobs/search?gh_jid=8194285
2026-10-04,stripe,"Software Engineer, Intern",Bengaluru,https://stripe.com/jobs/search?gh_jid=8031833
2026-10-04,stripe,"Software Engineer, Intern",Singapore,https://stripe.com/jobs/search?gh_jid=8130883
2026-10-04,stripe,"Software Engineer, Intern",London,https://stripe.com/jobs/search?gh_jid=8130867
2026-10-04,stripe,"Software Engineer, Intern ",Bucharest,https://stripe.com/jobs/search?gh_jid=8130807
2026-10-04,stripe,"Software Engineer, Internal Systems","Bengaluru, India",https://stripe.com/jobs/search?gh_jid=7543868
2026-10-04,stripe,"Software Engineer, Intern (Summer or Winter)",Toronto,https://stripe.com/jobs/search?gh_jid=8130805
2026-10-04,stripe,"Software Engineer, Intern (Summer or Winter)","San Francisco, Seattle, New York City",https://stripe.com/jobs/search?gh_jid=8128745
2026-10-04,stripe,"Software Engineer, Intern (Summer or Winter)",Dublin,https://stripe.com/jobs/search?gh_jid=8097801
2026-10-04,databricks,PhD GenAI Research Scientist Intern,"San Francisco, California",https://databricks.com/company/careers/open-positions/job?gh_jid=7011263002
2026-10-04,databricks,Software Engineer - Database Engine Internals,"Belgrade, Serbia",https://databricks.com/company/careers/open-positions/job?gh_jid=8012658002
2026-10-04,databricks,Software Engineering Intern (2027 Start) - Aarhus,"Aarhus, Denmark",https://databricks.com/company/careers/open-positions/job?gh_jid=8133710002
2026-10-04,databricks,Software Engineering Intern (2027 Start) - Amsterdam,"Amsterdam, Netherlands",https://databricks.com/company/careers/open-positions/job?gh_jid=6866534002
2026-10-04,databricks,Software Engineering Intern (2027 Start) - Belgrade,"Belgrade, Serbia",https://databricks.com/company/careers/open-positions/job?gh_jid=7640764002
2026-10-04,databricks,Software Engineering Intern (2027 Start) - Berlin,"Berlin, Germany",https://databricks.com/company/careers/open-positions/job?gh_jid=6866531002
2026-10-04,databricks,Software Engineering Intern (2027 Start) - London,"London, United Kingdom",https://databricks.com/company/careers/open-positions/job?gh_jid=8847738002
2026-10-04,databricks,Software Engineering Intern (2027 Start) - Winter,"Bellevue, Washington; Mountain View, California; San Francisco, California",https://databricks.com/company/careers/open-positions/job?gh_jid=8732364002
2026-10-04,figma,Data Engineer Intern (2027),"San Francisco, CA • New York, NY",https://boards.greenhouse.io/figma/jobs/6178851004?gh_jid=6178851004
2026-10-04,figma,Data Science Intern (2027),"San Francisco, CA • New York, NY",https://boards.greenhouse.io/figma/jobs/6178857004?gh_jid=6178857004
2026-10-04,figma,"IT Engineer, Internal AI Infrastructure","San Francisco, CA • New York, NY • United States",https://boards.greenhouse.io/figma/jobs/6164379004?gh_jid=6164379004
2026-10-04,figma,"PhD Intern, Data Science (2027)","San Francisco, CA • New York, NY",https://boards.greenhouse.io/figma/jobs/6200626004?gh_jid=6200626004
2026-10-04,figma,"Software Engineer Intern (London, United Kingdom) (Summer 2027) ","London, England",https://boards.greenhouse.io/figma/jobs/6152695004?gh_jid=6152695004
2026-10-04,figma,Software Engineer Intern (Summer 2027),"San Francisco, CA • New York, NY",https://boards.greenhouse.io/figma/jobs/6143238004?gh_jid=6143238004
2026-10-04,figma,Software Engineer Intern (Winter 2027),"San Francisco, CA • New York, NY",https://boards.greenhouse.io/figma/jobs/6131089004?gh_jid=6131089004
2026-10-04,robinhood,Data Science Intern (Summer 2027),"Menlo Park, CA",https://boards.greenhouse.io/robinhood/jobs/8241738?t=gh_src=&gh_jid=8241738
2026-10-04,robinhood,"Software Developer Intern, Backend (Summer 2027)","Toronto, Canada",https://boards.greenhouse.io/robinhood/jobs/8142930?t=gh_src=&gh_jid=8142930
2026-10-04,robinhood,"Software Developer Intern/Co-op, Backend (Winter 2027)","Toronto, Canada",https://boards.greenhouse.io/robinhood/jobs/8194428?t=gh_src=&gh_jid=8194428
2026-10-04,robinhood,"Software Developer Intern, iOS (Summer 2027)","Toronto, Canada",https://boards.greenhouse.io/robinhood/jobs/8199729?t=gh_src=&gh_jid=8199729
2026-10-04,robinhood,"Software Developer Intern, Web (Summer 2027)","Toronto, Canada",https://boards.greenhouse.io/robinhood/jobs/8199744?t=gh_src=&gh_jid=8199744
2026-10-04,robinhood,"Software Engineering Intern, Android (Summer 2027)","Menlo Park, CA; New York, NY",https://boards.greenhouse.io/robinhood/jobs/8142961?t=gh_src=&gh_jid=8142961
2026-10-04,robinhood,"Software Engineering Intern, Backend (Summer 2027)","Bellevue, WA; Menlo Park, CA; New York, NY",https://boards.greenhouse.io/robinhood/jobs/8123225?t=gh_src=&gh_jid=8123225
2026-10-04,robinhood,"Software Engineering Intern, iOS (Summer 2027)","Menlo Park, CA; New York, NY",https://boards.greenhouse.io/robinhood/jobs/8142959?t=gh_src=&gh_jid=8142959
2026-10-04,robinhood,"Software Engineering Intern, Web (Summer 2027)","Menlo Park, CA; New York, NY",https://boards.greenhouse.io/robinhood/jobs/8142963?t=gh_src=&gh_jid=8142963
2026-10-04,palantir,"Forward Deployed Infrastructure Engineer, Internship - US Government","Washington, D.C.",https://jobs.lever.co/palantir/3db7e40a-28e0-4ad1-96c5-93de5bc96aa9
2026-10-04,palantir,"Forward Deployed Infrastructure Engineer, Internship - US Government","Palo Alto, CA",https://jobs.lever.co/palantir/8f362a1f-1eff-4327-94c1-ff46e2101c69
2026-10-04,palantir,"Forward Deployed Infrastructure Engineer, Internship - US Government","New York, NY",https://jobs.lever.co/palantir/cf5f44ff-1b0b-4752-bcd4-2dc88798f25b
2026-10-04,palantir,"Forward Deployed Software Engineer, Internship","Paris, France",https://jobs.lever.co/palantir/1b6f1d82-d459-4dea-8bc2-8d2ffe6f881a
2026-10-04,palantir,"Forward Deployed Software Engineer, Internship - AUS Government","Sydney, Australia",https://jobs.lever.co/palantir/395a4483-fc3d-4b77-a500-501923fd0976
2026-10-04,palantir,"Forward Deployed Software Engineer, Internship - Commercial","Seoul, South Korea",https://jobs.lever.co/palantir/2ad0ab10-34c3-410d-883b-8052864a95cd
2026-10-04,palantir,"Forward Deployed Software Engineer, Internship - Commercial","New York, NY",https://jobs.lever.co/palantir/4d29249a-d7e8-4c39-880d-3b35d7b2f6f6
2026-10-04,palantir,"Forward Deployed Software Engineer, Internship - Commercial","London, United Kingdom",https://jobs.lever.co/palantir/599b1907-aba1-4303-837b-66e69a521636
2026-10-04,palantir,"Forward Deployed Software Engineer, Internship - Commercial","Chicago, IL",https://jobs.lever.co/palantir/d5486403-c050-4920-b2e0-91b69b61ebb2
2026-10-04,palantir,"Forward Deployed Software Engineer, Internship - Defense Tech","Washington, D.C.",https://jobs.lever.co/palantir/cccfe1bd-f15b-4fe5-b044-c793e7961c1b
2026-10-04,palantir,"Forward Deployed Software Engineer, Internship - France","New York, NY",https://jobs.lever.co/palantir/ac0dc094-2480-43c2-8495-26ade227ff4f
2026-10-04,palantir,"Forward Deployed Software Engineer, Internship - Intel","Washington, D.C.",https://jobs.lever.co/palantir/9e40d77f-b07c-437b-98e7-def9b0184d89
2026-10-04,palantir,"Forward Deployed Software Engineer, Internship - UK Government","London, United Kingdom",https://jobs.lever.co/palantir/26e23f5d-083b-45aa-b223-1a6e43d960bf
2026-10-04,palantir,"Forward Deployed Software Engineer, Internship - US Government","Honolulu, HI",https://jobs.lever.co/palantir/315f695d-04d1-4a9a-848e-cb2bec7a997e
2026-10-04,palantir,"Forward Deployed Software Engineer, Internship - US Government","New York, NY",https://jobs.lever.co/palantir/e0010393-c300-446f-bf67-fa2ef067f16f
2026-10-04,palantir,"Forward Deployed Software Engineer, Internship - US Government","Washington, D.C.",https://jobs.lever.co/palantir/e6ff8bf2-135e-474d-ad37-24f490ae1dd2
2026-10-04,palantir,"Information Security Engineer, Internship","New York, NY",https://jobs.lever.co/palantir/ef725594-42dd-4f0d-ba8e-df8179dbc6cb
2026-10-04,palantir,"Privacy and Civil Liberties Software Engineer, Internship","New York, NY",https://jobs.lever.co/palantir/09846827-b931-4a9f-bd64-c3bb8860187b
2026-10-04,palantir,"Software Engineer, Internship","Singapore, Singapore",https://jobs.lever.co/palantir/3531977a-9b2f-40a0-a486-4eeb38e75fc1
2026-10-04,palantir,"Software Engineer, Internship","Denver, CO",https://jobs.lever.co/palantir/373eb939-6f57-4836-8479-be79a5e07249
2026-10-04,palantir,"Software Engineer, Internship","London, United Kingdom",https://jobs.lever.co/palantir/76a60923-bb49-40f5-b061-7c7eb1299602
2026-10-04,palantir,"Software Engineer, Internship","New York, NY",https://jobs.lever.co/palantir/7d69cf8a-06fd-4f05-bd84-27149db29c4d
2026-10-04,palantir,"Software Engineer, Internship","Washington, D.C.",https://jobs.lever.co/palantir/bdcfb29f-4f27-42de-933f-7f83a359b9f0
2026-10-04,palantir,"Software Engineer, Internship","Palo Alto, CA",https://jobs.lever.co/palantir/e27af7ab-41fc-40c9-b31d-02c6cb1c505c
2026-10-04,palantir,"Software Engineer, Internship - Defense Tech","New York, NY",https://jobs.lever.co/palantir/8bcf4f33-0a79-4248-bbfd-49ac4be9dd8e
2026-10-04,palantir,"Software Engineer, Internship - Defense Tech","Palo Alto, CA",https://jobs.lever.co/palantir/a483f41b-0da9-42ea-8ed6-cbf6eb93cc6d
2026-10-04,palantir,"Software Engineer, Internship - Defense Tech","Washington, D.C.",https://jobs.lever.co/palantir/f17e98d0-046a-4e6e-9d65-ed0b12dd0ff7
2026-10-04,palantir,"Software Engineer, Internship - Infrastructure","New York, NY",https://jobs.lever.co/palantir/b229baac-494b-4a0d-9a13-2e38806e06f3
2026-10-04,palantir,"Software Engineer, Internship - Infrastructure","Palo Alto, CA",https://jobs.lever.co/palantir/f221738b-e97c-4ce3-a12a-17ada2b855e4
2026-10-04,palantir,"Software Engineer, Internship - Infrastructure","London, United Kingdom",https://jobs.lever.co/palantir/fd3603a9-7016-45c6-9c8d-04c9279ab85e
2026-10-04,palantir,"Software Engineer, Internship - Production Infrastructure","Seattle, WA",https://jobs.lever.co/palantir/373367a9-3160-49d8-b7af-2efec062fad1
2026-10-04,palantir,"Software Engineer, Internship - Production Infrastructure","New York, NY",https://jobs.lever.co/palantir/37964982-9b4c-471e-a1d8-fb8f45d7f116
2026-10-04,palantir,"Software Engineer, Internship - Production Infrastructure","Washington, D.C.",https://jobs.lever.co/palantir/3ab9e715-1ea9-4c6c-ad50-7340eac14e86
2026-10-04,palantir,"Year at Palantir - Forward Deployed Software Engineer, Internship - Commercial","Chicago, IL",https://jobs.lever.co/palantir/75cc1c09-8ebd-44c8-b3bc-d122cd1fecb3
2026-10-04,palantir,"Year at Palantir - Forward Deployed Software Engineer, Internship - Commercial","New York, NY",https://jobs.lever.co/palantir/e6789b17-62fb-4226-a079-f8c17ff19e2d
2026-10-04,palantir,"Year at Palantir - Forward Deployed Software Engineer, Internship - USG","Washington, D.C.",https://jobs.lever.co/palantir/5c4c65c5-77da-4d36-856c-4ade87631019
2026-10-04,palantir,"Year at Palantir - Forward Deployed Software Engineer, Internship - USG","New York, NY",https://jobs.lever.co/palantir/5c7bb70c-83ea-43e7-8055-0c8f319f4333
2026-10-04,palantir,"Year at Palantir - Software Engineer, Internship","New York, NY",https://jobs.lever.co/palantir/655f9937-a4ce-4e7d-80e2-a6659af07329
2026-10-04,ramp,"Software Engineer, International",London,https://jobs.ashbyhq.com/ramp/009dc18b-26a3-4fac-a773-c60d742cf840
2026-10-04,ramp,"Software Engineer Internship, Frontend","New York, NY (HQ)",https://jobs.ashbyhq.com/ramp/a13ae586-f4cb-4385-8822-c42b9b54ed74
2026-10-04,ramp,"Software Engineering Intern, Backend","New York, NY (HQ)",https://jobs.ashbyhq.com/ramp/acf6b28d-767f-483f-8ff2-114620cd7e04
2026-10-04,ramp,"Software Engineering Intern, Android","New York, NY (HQ)",https://jobs.ashbyhq.com/ramp/fcf118cc-521a-4a62-9d13-945e5b6e3cb8
2026-10-04,ramp,"Software Engineering Intern, iOS","New York, NY (HQ)",https://jobs.ashbyhq.com/ramp/b66be397-240b-41a6-9b05-493299b270a9
2026-10-04,notion,Software Engineer Intern (Winter 2027),"San Francisco, California",https://jobs.ashbyhq.com/notion/e66c6658-9e65-4c58-8db2-844628b6e8f8
2026-10-04,notion,Software Engineer Intern (Summer 2027),"San Francisco, California",https://jobs.ashbyhq.com/notion/3fba1c39-c5cb-47d7-9ad2-1cec4d7e9d0c
2026-10-04,notion,Data Science Intern (Winter 2027),"San Francisco, California",https://jobs.ashbyhq.com/notion/a67d6f2b-7c13-41d0-b36b-b2f662c9873e
2026-10-04,notion,"Software Engineer Intern, Mobile (Winter 2027)","San Francisco, California",https://jobs.ashbyhq.com/notion/2b587e66-deac-421a-a824-9415ba78b5a7
2026-10-09,stripe,"Software Engineer, Internal Identity",na,https://stripe.com/jobs/search?gh_jid=8265763
